2;"SBD";"b-s";"b-s";"singularitynet-agi-blockchain-trifft-auf-kuenstliche-intelligenz";"/deutsch/@b-s/singularitynet-agi-blockchain-trifft-auf-kuenstliche-intelligenz";2460;2018-01-30 02:24:04;5.63
2;"SBD";"teevmoore";"teevmoore";"pure-epsom-salt-2018-01-29-13-39-10";"/steembloggers/@teevmoore/pure-epsom-salt-2018-01-29-13-39-10";2460;2018-01-30 02:24:04;5.63
4;"SBD";"luckystrikes";"luckystrikes";"crypterium-ico";"/kr/@luckystrikes/crypterium-ico";4920;2018-01-30 02:24:04;5.63
0.13;"SBD";"funatoz";"spydo";"nature-is-beautiful";"/smartphonephotography/@spydo/nature-is-beautiful";160;2018-01-30 02:24:04;5.63
0.1;"SBD";"skwth";"skwth";"photography-takes-an-instant-out-of-time-altering-life-by-holding-it-still";"/photography/@skwth/photography-takes-an-instant-out-of-time-altering-life-by-holding-it-still";196;2018-01-30 04:48:03;5.55;6.32
1;"SBD";"kalemandra";"kalemandra";"mandelbulb-fantasy-series-lacy-corals";"/art/@kalemandra/mandelbulb-fantasy-series-lacy-corals";1961;2018-01-30 04:48:03;5.55;6.32
0.2;"SBD";"jamjamfood";"jamjamfood";"check-check-check-grow-box-ready";"/gardening/@jamjamfood/check-check-check-grow-box-ready";392;2018-01-30 04:48:03;5.55;6.32
2;"SBD";"kalemandra";"kalemandra";"macrothursday-colorful-pebble-closeup";"/macrothursday/@kalemandra/macrothursday-colorful-pebble-closeup";3922;2018-01-30 04:48:03;5.55;6.32
0.1;"SBD";"gamzem";"gamzem";"gamzem-yaylann-imenine";"/dsound/@gamzem/gamzem-yaylann-imenine";196;2018-01-30 04:48:03;5.55;6.32
0.1;"SBD";"fitinfun";"fitinfun";"my-new-crypto-wallet-fun-and-disturbing";"/cryptocurrency/@fitinfun/my-new-crypto-wallet-fun-and-disturbing";196;2018-01-30 04:48:03;5.55;6.32
1;"SBD";"killerfreak";"killerfreak";"2f8ae340-051a-11e8-ab29-5b45c34140e6";"/dlive/@killerfreak/2f8ae340-051a-11e8-ab29-5b45c34140e6";1961;2018-01-30 04:48:03;5.55;6.32
0.3;"SBD";"discernente";"discernente";"re-abdelfattahnadif-re-discernente-coxinha-de-mortadela-20180127t203204915z";"/pt/@discernente/coxinha-de-mortadela#@discernente/re-abdelfattahnadif-re-discernente-coxinha-de-mortadela-20180127t203204915z";588;2018-01-30 04:48:03;5.55;6.32
0.3;"SBD";"alexicp";"alexicp";"actitud-de-desanimo-vs-la-perseverancia-tu-decides-cual-escoger";"/spanish/@alexicp/actitud-de-desanimo-vs-la-perseverancia-tu-decides-cual-escoger";588;2018-01-30 04:48:03;5.55;6.32
1.178;"SBD";"puncakbukit";"puncakbukit";"10-besar-kategori-hari-ini-senin-29-januari-2018";"/peringkat/@puncakbukit/10-besar-kategori-hari-ini-senin-29-januari-2018";2069;2018-01-30 07:12:03;6.34
0.1;"SBD";"angelusnoctum";"angelusnoctum";"singapur";"/singapur/@angelusnoctum/singapur";176;2018-01-30 07:12:03;6.34
0.1;"SBD";"dobartim";"dobartim";"steemit-ultimate-challenge-8-weeks-prize-fund-2000-sbd-week-1";"/steemitultimatechallenge/@dobartim/steemit-ultimate-challenge-8-weeks-prize-fund-2000-sbd-week-1";176;2018-01-30 07:12:03;6.34
0.1;"SBD";"madviking";"madviking";"my-new-laptop-gigabyte-sabre-17-k-review";"/technology/@madviking/my-new-laptop-gigabyte-sabre-17-k-review";176;2018-01-30 07:12:03;6.34
0.3;"SBD";"raulp3rez229";"raulp3rez229";"razas-de-perros-pequenos-parte-1";"/spanish/@raulp3rez229/razas-de-perros-pequenos-parte-1";527;2018-01-30 07:12:03;6.34
0.1;"SBD";"wasgyo";"hannanh";"probando-comida-de-la-selva-peruana";"/spanish/@hannanh/probando-comida-de-la-selva-peruana";176;2018-01-30 07:12:03;6.34
0.7;"SBD";"mercyjohnson";"mercyjohnson";"14-food-recipe-chocolate-pena-cotta-eat-today-d830d96052f6";"/food/@mercyjohnson/14-food-recipe-chocolate-pena-cotta-eat-today-d830d96052f6";1230;2018-01-30 07:12:03;6.34
1;"SBD";"gshasan";"gshasan";"gshasan-gshasan-california-music";"/dsound/@gshasan/gshasan-gshasan-california-music";1757;2018-01-30 07:12:03;6.34
1;"SBD";"seal7";"seal7";"levy-mcgarden-from-fairy-tail-digital-art-process";"/art/@seal7/levy-mcgarden-from-fairy-tail-digital-art-process";1757;2018-01-30 07:12:03;6.34
0.2;"SBD";"bluemoon";"bluemoon";"contest-animalphotography-in-photocontests-by-juliank-a-curious-cat-in-thassos";"/animalphotography/@bluemoon/contest-animalphotography-in-photocontests-by-juliank-a-curious-cat-in-thassos";351;2018-01-30 07:12:03;6.34
0.365;"SBD";"rafpokmac";"rafpokmac";"where-we-come-from-the-origin-situation-and-position-of-the-living-being-de-donde-venimos-el-origen-situacion-y-postura-del-ser";"/life/@rafpokmac/where-we-come-from-the-origin-situation-and-position-of-the-living-being-de-donde-venimos-el-origen-situacion-y-postura-del-ser";641;2018-01-30 07:12:03;6.34
0.1;"SBD";"fabinhocrypto";"fabinhocrypto";"contest-win-sdb-what-will-be-the-value-of-this-post-after-7-days-1";"/busy/@fabinhocrypto/contest-win-sdb-what-will-be-the-value-of-this-post-after-7-days-1";176;2018-01-30 07:12:03;6.34
0.3;"SBD";"shahidshah";"shahidshah";"dark-night-of-soul-sirknight-monday-darkness-must-read-this-your-life-will-be-changed-inshallah";"/religion/@shahidshah/dark-night-of-soul-sirknight-monday-darkness-must-read-this-your-life-will-be-changed-inshallah";527;2018-01-30 07:12:03;6.34
0.15;"SBD";"alexandruionescu";"alexandruionescu";"3kgkpg-evening-inspiration-2";"/quote/@alexandruionescu/3kgkpg-evening-inspiration-2";263;2018-01-30 07:12:03;6.34
0.1;"STEEM";"sigmundfreud";"steem.lol";"when-i-first-sold-sbd-at-15-zg1hbmlh-p8but";"/dmania/@steem.lol/when-i-first-sold-sbd-at-15-zg1hbmlh-p8but";286;2018-01-30 09:36:03;5.28;5.95
0.1;"SBD";"cloudaut";"cloudaut";"flash-coin-continua-a-salire-e-passa-dalla-266-alla-245-posizione-per-capitalizzazione";"/cryptocurrency/@cloudaut/flash-coin-continua-a-salire-e-passa-dalla-266-alla-245-posizione-per-capitalizzazione";329;2018-01-30 09:36:03;5.28;5.95
0.1;"SBD";"garudi";"garudi";"to-the-city-zg1hbmlh-yzdfj";"/dmania/@garudi/to-the-city-zg1hbmlh-yzdfj";329;2018-01-30 09:36:03;5.28;5.95
0.1;"SBD";"garudi";"garudi";"bandwidth-errors-zg1hbmlh-m5zlx";"/dmania/@garudi/bandwidth-errors-zg1hbmlh-m5zlx";329;2018-01-30 09:36:03;5.28;5.95
0.1;"SBD";"imaginalex";"imaginalex";"learning-blender-unity-and-coding";"/gamedev/@imaginalex/learning-blender-unity-and-coding";329;2018-01-30 09:36:03;5.28;5.95
0.1;"SBD";"tropicalwolf79";"tropicalwolf79";"i-am-a-pirate";"/poetry/@tropicalwolf79/i-am-a-pirate";329;2018-01-30 09:36:03;5.28;5.95
0.1;"SBD";"kburaky";"kburaky";"decentmemes-1517269896824";"/decentmemes/@kburaky/decentmemes-1517269896824";329;2018-01-30 09:36:03;5.28;5.95
0.1;"SBD";"sagor24";"sagor24";"5-awesome-advantages-of-cauliflower";"/health/@sagor24/5-awesome-advantages-of-cauliflower";329;2018-01-30 09:36:03;5.28;5.95
0.1;"SBD";"samsmithson";"samsmithson";"10-unbelievable-shots-of-new-york-you-can-use-for-free";"/new/@samsmithson/10-unbelievable-shots-of-new-york-you-can-use-for-free";329;2018-01-30 09:36:03;5.28;5.95
0.1;"SBD";"hendeantoima";"hendeantoima";"compartiendo-en-el-meetup-con-el-equipo-de-votovzla-y-conociendo-amigos-5d80595bbfee9";"/meetup/@hendeantoima/compartiendo-en-el-meetup-con-el-equipo-de-votovzla-y-conociendo-amigos-5d80595bbfee9";329;2018-01-30 09:36:03;5.28;5.95
0.3;"SBD";"mariachan";"mariachan";"6npgsf-new-funny-pokemons-in-pokemon-go";"/gaming/@mariachan/6npgsf-new-funny-pokemons-in-pokemon-go";988;2018-01-30 09:36:03;5.28;5.95
0.3;"SBD";"dbzfan4awhile";"dbzfan4awhile";"c-sharp-programming-beginner-tutorial-no-frills-dungeon-crawler-part-1";"/csharp-forbeginners/@dbzfan4awhile/c-sharp-programming-beginner-tutorial-no-frills-dungeon-crawler-part-1";988;2018-01-30 09:36:03;5.28;5.95
0.3;"SBD";"steem3";"steem3";"ether-rockets-crypto-kitties-but-10x-better";"/ethereum/@steem3/ether-rockets-crypto-kitties-but-10x-better";988;2018-01-30 09:36:03;5.28;5.95
0.75;"SBD";"champagnecrypto";"champagnecrypto";"4by1qdyg";"/signups/@champagnecrypto/4by1qdyg";2470;2018-01-30 09:36:03;5.28;5.95
0.3;"SBD";"cheaperwhale";"cheaperwhale";"original-meme-needing-appraisal";"/pic/@cheaperwhale/original-meme-needing-appraisal";988;2018-01-30 09:36:03;5.28;5.95
0.1;"SBD";"cricnews";"cricnews";"20180130t000608331z";"/cricnews/@cricnews/20180130t000608331z";329;2018-01-30 09:36:03;5.28;5.95
1;"SBD";"thenomad";"thenomad";"does-coinbase-actually-kind-of-suck";"/cryptocurrency/@thenomad/does-coinbase-actually-kind-of-suck";863;2018-01-30 12:00:03;5.25;5.88
0.1;"STEEM";"sigmundfreud";"sigmundfreud";"we-all-love-bernie-zg1hbmlh-ak4fq";"/dmania/@sigmundfreud/we-all-love-bernie-zg1hbmlh-ak4fq";76;2018-01-30 12:00:03;5.25;5.88
6.5;"SBD";"luckystrikes";"luckystrikes";"eth";"/kr/@luckystrikes/eth";5609;2018-01-30 12:00:03;5.25;5.88
0.1;"SBD";"rtonline";"rtonline";"the-benefits-of-quince";"/food/@rtonline/the-benefits-of-quince";86;2018-01-30 12:00:03;5.25;5.88
0.1;"SBD";"yuemay";"yuemay";"verge-xvg";"/cryptocurrency/@yuemay/verge-xvg";86;2018-01-30 12:00:03;5.25;5.88
0.2;"SBD";"ulisesfl17";"ulisesfl17";"la-mayoria-de-la-humanidad-se-prohibe-disfrutar-plenamente-de-la-vida";"/psychology/@ulisesfl17/la-mayoria-de-la-humanidad-se-prohibe-disfrutar-plenamente-de-la-vida";173;2018-01-30 12:00:03;5.25;5.88
3.5;"SBD";"luckystrikes";"luckystrikes";"34vrcj";"/kr/@luckystrikes/34vrcj";3020;2018-01-30 12:00:03;5.25;5.88
0.1;"SBD";"ezraabas";"ezraabas";"a-green-day-mypictureday-submission";"/mypictureday/@ezraabas/a-green-day-mypictureday-submission";86;2018-01-30 12:00:03;5.25;5.88
0.1;"SBD";"tedtv";"tedtv";"youtube-sets-stricter-requirements-for-video-monetization";"/steemit/@tedtv/youtube-sets-stricter-requirements-for-video-monetization";164;2018-01-30 14:24:03;5.35;5.86
0.1;"SBD";"wasgyo";"darkred";"relatos-terror-no-3";"/terror/@darkred/relatos-terror-no-3";164;2018-01-30 14:24:03;5.35;5.86
0.1;"SBD";"tanvirrahman";"tanvirrahman";"i-am-coming-bot-zg1hbmlh-pf5xy";"/dmania/@tanvirrahman/i-am-coming-bot-zg1hbmlh-pf5xy";164;2018-01-30 14:24:03;5.35;5.86
0.1;"SBD";"hatu";"hatu";"sugar-high-from-mr-cronut";"/colourfulphotography/@hatu/sugar-high-from-mr-cronut";164;2018-01-30 14:24:03;5.35;5.86
2.29;"SBD";"sneakyninja";"sneakyninja";"the-daily-sneak-24-january-2018";"/curation/@sneakyninja/the-daily-sneak-24-january-2018";3750;2018-01-30 14:24:03;5.35;5.86
0.1;"SBD";"sha256md5";"sha256md5";"photo-manipulation-timelapse-9-the-handoff";"/art/@sha256md5/photo-manipulation-timelapse-9-the-handoff";164;2018-01-30 14:24:03;5.35;5.86
0.1;"SBD";"emrahyalcin";"emrahyalcin";"emrahyalcin-yokluunda-gitar-cover";"/dsound/@emrahyalcin/emrahyalcin-yokluunda-gitar-cover";164;2018-01-30 14:24:03;5.35;5.86
2;"SBD";"puncakbukit";"puncakbukit";"10-besar-tulisan-hari-ini-jumat-26-januari-2018";"/peringkat/@puncakbukit/10-besar-tulisan-hari-ini-jumat-26-januari-2018";3275;2018-01-30 14:24:03;5.35;5.86
0.107;"SBD";"drakbirkenau";"drakbirkenau";"wow-zg1hbmlh-iheoh";"/dmania/@drakbirkenau/wow-zg1hbmlh-iheoh";175;2018-01-30 14:24:03;5.35;5.86
0.1;"SBD";"dudu.photograph";"dudu.photograph";"design-love-is-bittersweet";"/design/@dudu.photograph/design-love-is-bittersweet";164;2018-01-30 14:24:03;5.35;5.86
0.1;"SBD";"royaleagle";"royaleagle";"meet-a-minnow-sbd-giveaway-results";"/thankyou/@royaleagle/meet-a-minnow-sbd-giveaway-results";164;2018-01-30 14:24:03;5.35;5.86
0.1;"SBD";"fluffyblockchain";"fluffyblockchain";"btc-29-01-new-future-period-started-look-at-this-graphs";"/bitcoin/@fluffyblockchain/btc-29-01-new-future-period-started-look-at-this-graphs";164;2018-01-30 14:24:03;5.35;5.86
0.1;"SBD";"gheambyt";"gheambyt";"drawing-a-dotted-bonsai";"/art/@gheambyt/drawing-a-dotted-bonsai";164;2018-01-30 14:24:03;5.35;5.86
0.11;"SBD";"kypo";"kypo";"7br2w9-photo-by-kypo";"/landscapephotography/@kypo/7br2w9-photo-by-kypo";180;2018-01-30 14:24:03;5.35;5.86
0.5;"SBD";"adventuroussoul";"adventuroussoul";"7h4oys9r";"/dtube/@adventuroussoul/7h4oys9r";819;2018-01-30 14:24:03;5.35;5.86
0.1;"SBD";"prometheus21";"tenhanger";"heating-up-in-dallas";"/sportsteem/@tenhanger/heating-up-in-dallas";164;2018-01-30 14:24:03;5.35;5.86
0.1;"SBD";"robin5581";"robin5581";"white-obmama-zg1hbmlh-asroy";"/dmania/@robin5581/white-obmama-zg1hbmlh-asroy";91;2018-01-30 16:48:03;5.32;5.89
0.1;"SBD";"abnys";"abnys";"be-careful-your-style-can-make-you-die-zg1hbmlh-4hor0";"/dmania/@abnys/be-careful-your-style-can-make-you-die-zg1hbmlh-4hor0";91;2018-01-30 16:48:03;5.32;5.89
0.1;"SBD";"steemtravelers";"steemtravelers";"usd-540-million-worth-digital-currency-stolen-by-cyber-attack-in-japan";"/cryptocurrency/@steemtravelers/usd-540-million-worth-digital-currency-stolen-by-cyber-attack-in-japan";91;2018-01-30 16:48:03;5.32;5.89
0.1;"SBD";"hatu";"hatu";"new-bc-ico-changes-finance-forever-massive-project";"/blockchain/@hatu/new-bc-ico-changes-finance-forever-massive-project";91;2018-01-30 16:48:03;5.32;5.89
0.1;"SBD";"sunnyali";"sunnyali";"my-tonights-plan-zg1hbmlh-lirjs";"/dmania/@sunnyali/my-tonights-plan-zg1hbmlh-lirjs";91;2018-01-30 16:48:03;5.32;5.89
0.3;"SBD";"crio";"crio";"photography-aforizma";"/blog/@crio/photography-aforizma";272;2018-01-30 16:48:03;5.32;5.89
0.3;"SBD";"osoznanieedinogo";"osoznanieedinogo";"2018-1-29t23-35-59";"/life/@osoznanieedinogo/2018-1-29t23-35-59";272;2018-01-30 16:48:03;5.32;5.89
0.3;"SBD";"ilariamely";"ilariamely";"uova-sode-ripiene-croccanti-e-fritte-filled-hard-boiled-eggs-fried-and-crunchy";"/food/@ilariamely/uova-sode-ripiene-croccanti-e-fritte-filled-hard-boiled-eggs-fried-and-crunchy";272;2018-01-30 16:48:03;5.32;5.89
0.407;"SBD";"mrkstn1";"mrkstn1";"the-birth-of-a-bone-and-wood-guitar-slide-pt-1-3b3df4ceca3bb";"/woodworking/@mrkstn1/the-birth-of-a-bone-and-wood-guitar-slide-pt-1-3b3df4ceca3bb";369;2018-01-30 16:48:03;5.32;5.89
6;"SBD";"thecryptotrader";"thecryptotrader";"an-appeal-to-ned-binance";"/steemit/@thecryptotrader/an-appeal-to-ned-binance";5447;2018-01-30 16:48:03;5.32;5.89
3;"SBD";"thecryptotrader";"thecryptotrader";"an-appeal-to-ned-kucoin";"/steemit/@thecryptotrader/an-appeal-to-ned-kucoin";2724;2018-01-30 16:48:03;5.32;5.89
0.108;"SBD";"artzanolino";"manouche";"drawdiction-12-or-atom";"/art/@manouche/drawdiction-12-or-atom";98;2018-01-30 16:48:03;5.32;5.89
0.1;"SBD";"killerfreak";"killerfreak";"skyrim-dragonborn";"/dsound/@killerfreak/skyrim-dragonborn";91;2018-01-30 16:48:03;5.32;5.89
0.1;"SBD";"realseb";"realseb";"my-introduce-yourself-post-here-to-stay-and-so-is-blockchain";"/introducemyself/@realseb/my-introduce-yourself-post-here-to-stay-and-so-is-blockchain";198;2018-01-30 19:12:04;5.21
0.1;"SBD";"tuminaz";"tuminaz";"7-keys-to-success-in-steemit-7-kunci-kesuksuksesan-di-steemit";"/indonesia/@tuminaz/7-keys-to-success-in-steemit-7-kunci-kesuksuksesan-di-steemit";198;2018-01-30 19:12:04;5.21
0.1;"SBD";"googlee";"googlee";"beauty-of-life-different-is-better";"/smartphonephotography/@googlee/beauty-of-life-different-is-better";198;2018-01-30 19:12:04;5.21
0.1;"SBD";"imaginalex";"imaginalex";"apprendre-blender-unity-3d-et-le-codage";"/fr/@imaginalex/apprendre-blender-unity-3d-et-le-codage";198;2018-01-30 19:12:04;5.21
0.1;"SBD";"faruqomer";"faruqomer";"me-pending-payout-in-5-mins-zg1hbmlh-8ouod";"/dmania/@faruqomer/me-pending-payout-in-5-mins-zg1hbmlh-8ouod";198;2018-01-30 19:12:04;5.21
2;"SBD";"jumi";"jumi";"do-something-good-mom-dad-should-fulfill-his-dream-e9fa5a0bebac4";"/dlive/@jumi/do-something-good-mom-dad-should-fulfill-his-dream-e9fa5a0bebac4";3960;2018-01-30 19:12:04;5.21
0.1;"SBD";"k3b4b";"k3b4b";"k3b4b-heart-attack";"/dsound/@k3b4b/k3b4b-heart-attack";198;2018-01-30 19:12:04;5.21
0.4;"SBD";"hvonsteemit";"hvonsteemit";"and-10068-crypto-quiz-ethereum-and-10068";"/cryptocurrency/@hvonsteemit/and-10068-crypto-quiz-ethereum-and-10068";792;2018-01-30 19:12:04;5.21
0.1;"SBD";"absn";"absn";"crypto-news-revain-upgrade-revain-releases-version-0-4";"/crypto/@absn/crypto-news-revain-upgrade-revain-releases-version-0-4";198;2018-01-30 19:12:04;5.21
0.1;"SBD";"absn";"absn";"crypto-news-after-hack-improvement-coincheck-relief-as-regular-orders";"/crypto/@absn/crypto-news-after-hack-improvement-coincheck-relief-as-regular-orders";198;2018-01-30 19:12:04;5.21
0.1;"SBD";"alejandr";"alejandr";"my-family-at-village";"/family/@alejandr/my-family-at-village";198;2018-01-30 19:12:04;5.21
0.15;"SBD";"hatu";"hatu";"dubai-food-nights-2-charcoal-ice-cream-0-05-eth-giveaway";"/foodphotography/@hatu/dubai-food-nights-2-charcoal-ice-cream-0-05-eth-giveaway";297;2018-01-30 19:12:04;5.21
1;"SBD";"dumitriu";"dumitriu";"meme-challenge-54-entry-2";"/memechallenge/@dumitriu/meme-challenge-54-entry-2";1980;2018-01-30 19:12:04;5.21
0.1;"SBD";"absn";"absn";"crypto-news-ethereum-eth-updates-a-major-oil-company-is-using-ethereum-eth-blockchain-to-process-gas";"/crypto/@absn/crypto-news-ethereum-eth-updates-a-major-oil-company-is-using-ethereum-eth-blockchain-to-process-gas";198;2018-01-30 19:12:04;5.21
0.3;"SBD";"chroniclefresh";"chroniclefresh";"a-must-watch-video-the-importance-of-scorpions";"/science/@chroniclefresh/a-must-watch-video-the-importance-of-scorpions";594;2018-01-30 19:12:04;5.21
0.2;"SBD";"selfhelp";"selfhelp";"was-this-guy-more-famous-than-elvis-presley";"/music/@selfhelp/was-this-guy-more-famous-than-elvis-presley";396;2018-01-30 19:12:04;5.21
0.2;"SBD";"kresnix";"kresnix";"life-isn-t-perfect-but-it-has-perfect-moments";"/photography/@kresnix/life-isn-t-perfect-but-it-has-perfect-moments";293;2018-01-30 21:36:04;5.05;5.72
0.1;"SBD";"saiful.nizam";"saiful.nizam";"around-putrajaya-malaysia-on-the-day-off-work";"/teammalaysia/@saiful.nizam/around-putrajaya-malaysia-on-the-day-off-work";147;2018-01-30 21:36:04;5.05;5.72
0.1;"SBD";"teukuachee";"teukuachee";"ciri-ciri-orang-yang-beriman-terhadap-sifat-jaiz-allah-4c442ae4e77b9";"/writing/@teukuachee/ciri-ciri-orang-yang-beriman-terhadap-sifat-jaiz-allah-4c442ae4e77b9";147;2018-01-30 21:36:04;5.05;5.72
0.1;"SBD";"garouvein";"garouvein";"man-of-the-world-garouvein-chill-remix";"/dsound/@garouvein/man-of-the-world-garouvein-chill-remix";147;2018-01-30 21:36:04;5.05;5.72
0.1;"SBD";"curtaintwitcher";"curtaintwitcher";"when-i-hear-some-good-news-while-im-angry-zg1hbmlh-86k2j";"/dmania/@curtaintwitcher/when-i-hear-some-good-news-while-im-angry-zg1hbmlh-86k2j";147;2018-01-30 21:36:04;5.05;5.72
0.1;"SBD";"jostro";"jostro";"open-space-lil-skies";"/rap/@jostro/open-space-lil-skies";147;2018-01-30 21:36:04;5.05;5.72
0.6;"SBD";"ing057";"ing057";"2vzldn";"/kr/@ing057/2vzldn";879;2018-01-30 21:36:04;5.05;5.72
0.1;"SBD";"jostro";"jostro";"my-favorite-supreme-pieces-jacob-starr";"/fashion/@jostro/my-favorite-supreme-pieces-jacob-starr";147;2018-01-30 21:36:04;5.05;5.72
0.2;"SBD";"chronicle";"chronicle";"what-do-you-know-about-zippo";"/steemit/@chronicle/what-do-you-know-about-zippo";293;2018-01-30 21:36:04;5.05;5.72
5;"STEEM";"fabricus";"fabricus";"hwc00lcc";"/fr/@fabricus/hwc00lcc";6483;2018-01-30 21:36:04;5.05;5.72
0.5;"SBD";"rajawasim176";"rajawasim176";"here-is-crazy-one";"/life/@rajawasim176/here-is-crazy-one";733;2018-01-30 21:36:04;5.05;5.72
0.3;"SBD";"kromosoom";"kromosoom";"eight-ways-to-divide-finland";"/funny/@kromosoom/eight-ways-to-divide-finland";440;2018-01-30 21:36:04;5.05;5.72
0.1;"STEEM";"sigmundfreud";"steem.lol";"best-tv-commercial-90-jeropa-zg1hbmlh-yxadx";"/dmania/@steem.lol/best-tv-commercial-90-jeropa-zg1hbmlh-yxadx";129;2018-01-31 00:00:04;4.82;5.36
0.1;"STEEM";"wild-forest";"wild-forest";"shakira-vs-a-friend-in-a-shower-reach-your-goals-more-effectively";"/motivation/@wild-forest/shakira-vs-a-friend-in-a-shower-reach-your-goals-more-effectively";129;2018-01-31 00:00:04;4.82;5.36
0.1;"SBD";"nguyen-land";"nguyen-land";"music-from-nature";"/dsound/@nguyen-land/music-from-nature";146;2018-01-31 00:00:04;4.82;5.36
1.099;"SBD";"puncakbukit";"puncakbukit";"10-2018-1-30-c";"/japanese/@puncakbukit/10-2018-1-30-c";1603;2018-01-31 00:00:04;4.82;5.36
0.15;"SBD";"fitinfun";"fitinfun";"flowing-light-trail-ribbons";"/colourfulphotography/@fitinfun/flowing-light-trail-ribbons";219;2018-01-31 00:00:04;4.82;5.36
0.2;"SBD";"wasgyo";"luisojedagc";"porque-el-25-de-enero-es-el-dia-mas-importante-de-mi-vida";"/spanish/@luisojedagc/porque-el-25-de-enero-es-el-dia-mas-importante-de-mi-vida";292;2018-01-31 00:00:04;4.82;5.36
4.63;"SBD";"lajulius";"lajulius";"pink-scrapbooking";"/fr/@lajulius/pink-scrapbooking";6754;2018-01-31 00:00:04;4.82;5.36
0.5;"SBD";"hasantechpro";"hasantechpro";"bitcoin-price-momentum-hot";"/busy/@hasantechpro/bitcoin-price-momentum-hot";729;2018-01-31 00:00:04;4.82;5.36
0.1;"SBD";"funatoz";"funatoz";"vrut6-thought-of-the-day";"/life/@funatoz/vrut6-thought-of-the-day";149;2018-01-31 02:24:02;4.67
0.1;"SBD";"davemccoy";"wanderlass";"labor-of-love-a-guide-to-being-a-maid-of-honor-in-a-filipino-wedding";"/love/@wanderlass/labor-of-love-a-guide-to-being-a-maid-of-honor-in-a-filipino-wedding";149;2018-01-31 02:24:02;4.67
0.1;"STEEM";"serdar.ortac";"serdar.ortac";"serdar-orta-cmbz";"/dsound/@serdar.ortac/serdar-orta-cmbz";136;2018-01-31 02:24:02;4.67
0.1;"SBD";"funatoz";"funatoz";"my-photography";"/foodphotography/@funatoz/my-photography";149;2018-01-31 02:24:02;4.67
1;"SBD";"mitthradiumn";"dometech";"wrestling-for-dentures-or-the-chronicles-of-enasni-or-3";"/writing/@dometech/wrestling-for-dentures-or-the-chronicles-of-enasni-or-3";1495;2018-01-31 02:24:02;4.67
0.1;"SBD";"ann-artyukh";"ann-artyukh";"snow-in-the-city";"/photography/@ann-artyukh/snow-in-the-city";149;2018-01-31 02:24:02;4.67
3;"SBD";"okn";"okn";"mystic-power-of-the-fish-zg1hbmlh-5zkw6";"/dmania/@okn/mystic-power-of-the-fish-zg1hbmlh-5zkw6";4484;2018-01-31 02:24:02;4.67
2;"SBD";"finkistinger";"finkistinger";"the-forest-path";"/photofeed/@finkistinger/the-forest-path";2989;2018-01-31 02:24:02;4.67
0.1;"SBD";"khan24299";"khan24299";"world-body-champion-cat-zg1hbmlh-iwf15";"/dmania/@khan24299/world-body-champion-cat-zg1hbmlh-iwf15";149;2018-01-31 02:24:02;4.67
0.1;"SBD";"iwanttruth";"cannabiscanada";"bcbud-review-2-ambrosia";"/marijuana/@cannabiscanada/bcbud-review-2-ambrosia";149;2018-01-31 02:24:02;4.67
0.1;"SBD";"angelusnoctum";"angelusnoctum";"singapore";"/singapore/@angelusnoctum/singapore";94;2018-01-31 04:48:03;4.73
0.1;"SBD";"dobartim";"dobartim";"3jjqfd-competition-for-the-best-yoga-move-the-prize-is-30-sbd-7-days-day-5-the-registration-is-in-progress";"/yoga/@dobartim/3jjqfd-competition-for-the-best-yoga-move-the-prize-is-30-sbd-7-days-day-5-the-registration-is-in-progress";94;2018-01-31 04:48:03;4.73
3.5;"SBD";"mharr331";"mharr331";"the-prophecy-of-rabbi-yitzhak-kaduri";"/steemchurch/@mharr331/the-prophecy-of-rabbi-yitzhak-kaduri";3286;2018-01-31 04:48:03;4.73
0.2;"SBD";"jamjamfood";"jamjamfood";"i-love-chinese-food-on-weekends";"/food/@jamjamfood/i-love-chinese-food-on-weekends";188;2018-01-31 04:48:03;4.73
0.1;"SBD";"tebriz";"tebriz";"me-when-they-say-btc-is-a-bubble-zg1hbmlh-9opl5";"/dmania/@tebriz/me-when-they-say-btc-is-a-bubble-zg1hbmlh-9opl5";94;2018-01-31 04:48:03;4.73
0.1;"SBD";"the-bitcoin-dood";"the-bitcoin-dood";"the-joe-parys-steemit-2-0-video-course-on-udemy-review";"/steemit/@the-bitcoin-dood/the-joe-parys-steemit-2-0-video-course-on-udemy-review";94;2018-01-31 04:48:03;4.73
1;"SBD";"valeriabandes";"valeriabandes";"eres";"/spanish/@valeriabandes/eres";939;2018-01-31 04:48:03;4.73
1;"SBD";"planetauto";"planetauto";"audi-q2-quattro-this-weeks-review-car";"/cars/@planetauto/audi-q2-quattro-this-weeks-review-car";939;2018-01-31 04:48:03;4.73
0.1;"SBD";"sevgiadasi";"sevgiadasi";"sevgi-adasi-olarak-araniza-yeni-katildim-arkadaslar";"/introduceyourself/@sevgiadasi/sevgi-adasi-olarak-araniza-yeni-katildim-arkadaslar";94;2018-01-31 04:48:03;4.73
0.25;"SBD";"emirfirlar";"emirfirlar";"are-you-kidding-me-thats-what-i-call-score-zg1hbmlh-4r4wk";"/dmania/@emirfirlar/are-you-kidding-me-thats-what-i-call-score-zg1hbmlh-4r4wk";235;2018-01-31 04:48:03;4.73
4;"SBD";"engramanullah";"engramanullah";"color-challenge-sunday-purple-buddleja-davidii-crocus-early-bloomer-and-clematis";"/colorchallenge/@engramanullah/color-challenge-sunday-purple-buddleja-davidii-crocus-early-bloomer-and-clematis";3756;2018-01-31 04:48:03;4.73
0.1;"SBD";"sajibgbd";"sajibgbd";"i-want-i-knew-once-beginning";"/steem/@sajibgbd/i-want-i-knew-once-beginning";94;2018-01-31 04:48:03;4.73
0.1;"SBD";"yakuzafth";"yakuzafth";"anbilivibil-mi-gente-moombahton-mix";"/dsound/@yakuzafth/anbilivibil-mi-gente-moombahton-mix";94;2018-01-31 04:48:03;4.73
0.1;"SBD";"dobartim";"dobartim";"donation-competition-win-the-lap-top-and-donate-it-prize-20-sbd-donation-10-days-day-3-the-registration-is-in-progress";"/donation/@dobartim/donation-competition-win-the-lap-top-and-donate-it-prize-20-sbd-donation-10-days-day-3-the-registration-is-in-progress";133;2018-01-31 07:12:03;4.64;5.1
0.5;"SBD";"hakanlama";"hakanlama";"twin-sisters-zg1hbmlh-7gn05";"/dmania/@hakanlama/twin-sisters-zg1hbmlh-7gn05";665;2018-01-31 07:12:03;4.64;5.1
0.2;"SBD";"fztbyt";"fztbyt";"zclassic-hard-fork-on-28th-feb-2018";"/zcl/@fztbyt/zclassic-hard-fork-on-28th-feb-2018";266;2018-01-31 07:12:03;4.64;5.1
0.1;"SBD";"arwebhosting";"arwebhosting";"packing-for-a-road-trip-with-pre-schoolers";"/travel/@arwebhosting/packing-for-a-road-trip-with-pre-schoolers";133;2018-01-31 07:12:03;4.64;5.1
0.1;"SBD";"dobartim";"dobartim";"steemit-as-last-oasis-in-desert";"/motivation/@dobartim/steemit-as-last-oasis-in-desert";133;2018-01-31 07:12:03;4.64;5.1
0.25;"SBD";"wasgyo";"nairo.martinez";"with-my-beautiful-mother";"/fashion/@nairo.martinez/with-my-beautiful-mother";332;2018-01-31 07:12:03;4.64;5.1
0.1;"SBD";"annamighty";"annamighty";"black-and-white-challenge-day-5";"/sevendaybnwchallenge/@annamighty/black-and-white-challenge-day-5";133;2018-01-31 07:12:03;4.64;5.1
0.2;"SBD";"gentlemensmafia";"gentlemensmafia";"daily-motivation-gentlemensmafia";"/busy/@gentlemensmafia/daily-motivation-gentlemensmafia";266;2018-01-31 07:12:03;4.64;5.1
1;"SBD";"elfakiym";"elfakiym";"overcoming-the-stigma-that-is-mental-health";"/life/@elfakiym/overcoming-the-stigma-that-is-mental-health";1329;2018-01-31 07:12:03;4.64;5.1
0.5;"SBD";"blaineb";"blaineb";"respect-zg1hbmlh-i9414";"/dmania/@blaineb/respect-zg1hbmlh-i9414";665;2018-01-31 07:12:03;4.64;5.1
0.1;"SBD";"thomas.hughson";"thomas.hughson";"changes-made-to-bitcoin-privates-s-voluntary-miner-contribution-program-and-wow-and-what-opportunity-for-miners";"/cryptocurrency/@thomas.hughson/changes-made-to-bitcoin-privates-s-voluntary-miner-contribution-program-and-wow-and-what-opportunity-for-miners";133;2018-01-31 07:12:03;4.64;5.1
1;"SBD";"lukebrn";"topmovies";"blog-10-move-moments-john-tucker-must-die";"/movie/@topmovies/blog-10-move-moments-john-tucker-must-die";1329;2018-01-31 07:12:03;4.64;5.1
3;"STEEM";"shedrack";"shedrack";"fear-mask-your-victory";"/life/@shedrack/fear-mask-your-victory";3554;2018-01-31 07:12:03;4.64;5.1
0.2;"SBD";"justinomora";"justinomora";"bitcoin-economics-by-nassim-nicholas-tale-on-medium";"/economy/@justinomora/bitcoin-economics-by-nassim-nicholas-tale-on-medium";266;2018-01-31 07:12:03;4.64;5.1
0.5;"SBD";"plutian";"plutian";"decentmemes-1517351699521";"/decentmemes/@plutian/decentmemes-1517351699521";665;2018-01-31 07:12:03;4.64;5.1
0.1;"SBD";"mykarma";"mykarma";"3-jail-review-from-colombia-to-madrid-and-then-straight-to-jail";"/bitcoin/@mykarma/3-jail-review-from-colombia-to-madrid-and-then-straight-to-jail";104;2018-01-31 09:36:03;4.21;4.37
0.1;"SBD";"mishujr";"mishujr";"nature-102-photography";"/photography/@mishujr/nature-102-photography";104;2018-01-31 09:36:03;4.21;4.37
0.2;"SBD";"mishujr";"mishujr";"nature-101-photography";"/photography/@mishujr/nature-101-photography";207;2018-01-31 09:36:03;4.21;4.37
0.15;"SBD";"mishujr";"mishujr";"nature-100-photography";"/photography/@mishujr/nature-100-photography";155;2018-01-31 09:36:03;4.21;4.37
0.1;"SBD";"tugbabeauty";"tugbabeauty";"the-most-dangerous-escape-scene-zg1hbmlh-u6cbj";"/dmania/@tugbabeauty/the-most-dangerous-escape-scene-zg1hbmlh-u6cbj";104;2018-01-31 09:36:03;4.21;4.37
0.1;"SBD";"tugbabeauty";"tugbabeauty";"guenluek-okuma-maratonum";"/busy/@tugbabeauty/guenluek-okuma-maratonum";104;2018-01-31 09:36:03;4.21;4.37
1;"SBD";"edjag";"edjag";"story-of-my-life-zg1hbmlh-t33nt";"/dmania/@edjag/story-of-my-life-zg1hbmlh-t33nt";1036;2018-01-31 09:36:03;4.21;4.37
0.399;"SBD";"elijah-blogs";"elijah-blogs";"why-i-voted-for-aggroed-timcliff-and-jerrybanfield-and-why-i-recommend-you-should-vote-for-them-too";"/witness-category/@elijah-blogs/why-i-voted-for-aggroed-timcliff-and-jerrybanfield-and-why-i-recommend-you-should-vote-for-them-too";413;2018-01-31 09:36:03;4.21;4.37
1;"SBD";"puncakbukit";"puncakbukit";"kategori-btc-mulai-masuk-10-besar";"/btc/@puncakbukit/kategori-btc-mulai-masuk-10-besar";1036;2018-01-31 09:36:03;4.21;4.37
0.1;"SBD";"evanprice";"evanprice";"phone-games-apps-4-turrets";"/videogames/@evanprice/phone-games-apps-4-turrets";104;2018-01-31 09:36:03;4.21;4.37
0.1;"SBD";"ypdyoutube";"ypdyoutube";"an-ode-to-change-everything-always-does-and-i-can-t-even-or-being-old-sucks-and-i-m-scared-of-everything";"/life/@ypdyoutube/an-ode-to-change-everything-always-does-and-i-can-t-even-or-being-old-sucks-and-i-m-scared-of-everything";104;2018-01-31 09:36:03;4.21;4.37
0.1;"SBD";"fumegi";"fumegi";"i-ate-bacon-pancakes";"/nice/@fumegi/i-ate-bacon-pancakes";104;2018-01-31 09:36:03;4.21;4.37
0.1;"SBD";"annamighty";"annamighty";"what-next-3";"/writing/@annamighty/what-next-3";104;2018-01-31 09:36:03;4.21;4.37
0.1;"SBD";"jesusjacr";"jesusjacr";"49c7rd-good-night";"/good/@jesusjacr/49c7rd-good-night";104;2018-01-31 09:36:03;4.21;4.37
0.2;"SBD";"veleje";"veleje";"teenage-girl-who-has-never-had-a-boyfriend-because-of-her-chronic-disfiguring-cold-sores-finds-a-near-cure-with-a-gbp7-95";"/news/@veleje/teenage-girl-who-has-never-had-a-boyfriend-because-of-her-chronic-disfiguring-cold-sores-finds-a-near-cure-with-a-gbp7-95";207;2018-01-31 09:36:03;4.21;4.37
0.106;"SBD";"saafir";"saafir";"bioscope-has-been-nomineted-for-the-award-in-mobile-world-congress";"/bioscope/@saafir/bioscope-has-been-nomineted-for-the-award-in-mobile-world-congress";110;2018-01-31 09:36:03;4.21;4.37
0.1;"SBD";"soccerguy";"soccerguy";"20180131t011907548z";"/soccerguy/@soccerguy/20180131t011907548z";104;2018-01-31 09:36:03;4.21;4.37
0.5;"SBD";"garokee";"garokee";"beautiful-girls-standing-on-the-float-in-sinulog-grand-parade";"/portraitphotography/@garokee/beautiful-girls-standing-on-the-float-in-sinulog-grand-parade";518;2018-01-31 09:36:03;4.21;4.37
1;"SBD";"alexicp";"alexicp";"principio-fundamental-del-exito";"/spanish/@alexicp/principio-fundamental-del-exito";1036;2018-01-31 09:36:03;4.21;4.37
4;"SBD";"lemonshrimp";"lemonshrimp";"when-he-want-dat-zg1hbmlh-wkk2e";"/dmania/@lemonshrimp/when-he-want-dat-zg1hbmlh-wkk2e";4143;2018-01-31 09:36:03;4.21;4.37
0.1;"SBD";"tradewolf";"tradewolf";"how-to-use-bots-the-right-way-to-boost-your-posts-on-steemit-for-dummies-part1";"/steemit/@tradewolf/how-to-use-bots-the-right-way-to-boost-your-posts-on-steemit-for-dummies-part1";104;2018-01-31 09:36:03;4.21;4.37
0.1;"STEEM";"dwade1";"dwade1";"bsduyime";"/facebook/@dwade1/bsduyime";167;2018-01-31 12:00:04;4.95;5.18
0.1;"SBD";"hsyndemir";"hsyndemir";"hahacrazygrandfather-zg1hbmlh-1j1b0";"/dmania/@hsyndemir/hahacrazygrandfather-zg1hbmlh-1j1b0";178;2018-01-31 12:00:04;4.95;5.18
0.1;"SBD";"imaginalex";"imaginalex";"02cdf370-061d-11e8-b7d4-1fc00a997b19";"/dlive/@imaginalex/02cdf370-061d-11e8-b7d4-1fc00a997b19";178;2018-01-31 12:00:04;4.95;5.18
0.1;"SBD";"garudi";"garudi";"good-day-gentleman-doggy-sir-zg1hbmlh-rjbjr";"/dmania/@garudi/good-day-gentleman-doggy-sir-zg1hbmlh-rjbjr";178;2018-01-31 12:00:04;4.95;5.18
0.1;"SBD";"curtaintwitcher";"curtaintwitcher";"dont-tell-usss-that-steem-issss-4-again-zg1hbmlh-vhku6";"/dmania/@curtaintwitcher/dont-tell-usss-that-steem-issss-4-again-zg1hbmlh-vhku6";178;2018-01-31 12:00:04;4.95;5.18
0.2;"SBD";"jossylink";"jossylink";"should-steemit-shutdown";"/steem/@jossylink/should-steemit-shutdown";355;2018-01-31 12:00:04;4.95;5.18
0.1;"SBD";"wasgyo";"olimac";"el-ajo-como-caido-del-cielo-mil-y-un-bendiciones";"/spanish/@olimac/el-ajo-como-caido-del-cielo-mil-y-un-bendiciones";178;2018-01-31 12:00:04;4.95;5.18
0.1;"SBD";"cbeep";"cbeep";"facebook-ban-cryptocurrency-promoting-advertisment-including-bitcoin-and-icos";"/bitcoin/@cbeep/facebook-ban-cryptocurrency-promoting-advertisment-including-bitcoin-and-icos";178;2018-01-31 12:00:04;4.95;5.18
1;"STEEM";"cryptoevolve";"cryptoevolve";"colorado-mule-deer";"/animals/@cryptoevolve/colorado-mule-deer";1669;2018-01-31 12:00:04;4.95;5.18
0.1;"SBD";"rgau1985";"rgau1985";"never-change-youtube-comments-never-change-";"/funny/@rgau1985/never-change-youtube-comments-never-change-";178;2018-01-31 12:00:04;4.95;5.18
0.2;"SBD";"koreaminer";"koreaminer";"eobot";"/kr/@koreaminer/eobot";355;2018-01-31 12:00:04;4.95;5.18
0.1;"SBD";"authorfriendly";"authorfriendly";"what-it-all-boils-down-to";"/psychology/@authorfriendly/what-it-all-boils-down-to";178;2018-01-31 12:00:04;4.95;5.18
0.1;"SBD";"filthywhale";"filthywhale";"rope-bunny";"/porn/@filthywhale/rope-bunny";178;2018-01-31 12:00:04;4.95;5.18
0.1;"SBD";"turkishcrew";"turkishcrew";"abandoned-car-abandoned-shit-weekly-contest-3-vehicles-aswcontest";"/aswcontest/@turkishcrew/abandoned-car-abandoned-shit-weekly-contest-3-vehicles-aswcontest";178;2018-01-31 12:00:04;4.95;5.18
0.11;"SBD";"aquafi";"aquafi";"bitcoin-usd-crypto-news-uk-bitcoin-traders-robbed-at-gunpoint";"/bitcoin/@aquafi/bitcoin-usd-crypto-news-uk-bitcoin-traders-robbed-at-gunpoint";196;2018-01-31 12:00:04;4.95;5.18
0.1;"SBD";"raini";"raini";"bunga-di-tepi-jalan";"/story/@raini/bunga-di-tepi-jalan";178;2018-01-31 12:00:04;4.95;5.18
0.11;"SBD";"aquafi";"aquafi";"bitcoin-usd-crypto-news-for-bitcoin-mining-samsung-begins-manufacturing-asic-chips";"/bitcoin/@aquafi/bitcoin-usd-crypto-news-for-bitcoin-mining-samsung-begins-manufacturing-asic-chips";196;2018-01-31 12:00:04;4.95;5.18
0.2;"SBD";"khairamuliani";"khairamuliani";"misunderstanding-the-baby-who-hit-but-the-cat-avenge-her-on-the-poor-dog-zg1hbmlh-01uub";"/dmania/@khairamuliani/misunderstanding-the-baby-who-hit-but-the-cat-avenge-her-on-the-poor-dog-zg1hbmlh-01uub";355;2018-01-31 12:00:04;4.95;5.18
0.2;"SBD";"coinkaka";"coinkaka";"why-people-do-this-please-check-steembottracker-before-sending-money";"/steembottracker/@coinkaka/why-people-do-this-please-check-steembottracker-before-sending-money";355;2018-01-31 12:00:04;4.95;5.18
0.413;"SBD";"archildo";"archildo";"the-waterfalls-are-something-very-beautiful";"/image/@archildo/the-waterfalls-are-something-very-beautiful";734;2018-01-31 12:00:04;4.95;5.18
0.95;"SBD";"discernente";"discernente";"re-robertoueti-re-discernente-quando-a-piada-perde-a-graca-20180127t204536831z";"/pt/@discernente/quando-a-piada-perde-a-graca#@discernente/re-robertoueti-re-discernente-quando-a-piada-perde-a-graca-20180127t204536831z";1689;2018-01-31 12:00:04;4.95;5.18
0.11;"SBD";"aquafi";"aquafi";"culture-this-is-why-you-trust-some-strangers-and-not-others";"/news/@aquafi/culture-this-is-why-you-trust-some-strangers-and-not-others";196;2018-01-31 12:00:04;4.95;5.18
1;"SBD";"ankitt";"ankitt";"kashmir-great-lakes-trek-2-my-picture-day";"/mypictureday/@ankitt/kashmir-great-lakes-trek-2-my-picture-day";1777;2018-01-31 12:00:04;4.95;5.18
0.1;"STEEM";"dwade1";"dwade1";"bsduyime";"/facebook/@dwade1/bsduyime";167;2018-01-31 14:24:03;4.93;5.05
0.1;"SBD";"hsyndemir";"hsyndemir";"hahacrazygrandfather-zg1hbmlh-1j1b0";"/dmania/@hsyndemir/hahacrazygrandfather-zg1hbmlh-1j1b0";178;2018-01-31 14:24:03;4.93;5.05
0.1;"SBD";"imaginalex";"imaginalex";"02cdf370-061d-11e8-b7d4-1fc00a997b19";"/dlive/@imaginalex/02cdf370-061d-11e8-b7d4-1fc00a997b19";178;2018-01-31 14:24:03;4.93;5.05
0.1;"SBD";"garudi";"garudi";"good-day-gentleman-doggy-sir-zg1hbmlh-rjbjr";"/dmania/@garudi/good-day-gentleman-doggy-sir-zg1hbmlh-rjbjr";178;2018-01-31 14:24:03;4.93;5.05
0.1;"SBD";"curtaintwitcher";"curtaintwitcher";"dont-tell-usss-that-steem-issss-4-again-zg1hbmlh-vhku6";"/dmania/@curtaintwitcher/dont-tell-usss-that-steem-issss-4-again-zg1hbmlh-vhku6";178;2018-01-31 14:24:03;4.93;5.05
0.2;"SBD";"jossylink";"jossylink";"should-steemit-shutdown";"/steem/@jossylink/should-steemit-shutdown";355;2018-01-31 14:24:03;4.93;5.05
0.1;"SBD";"wasgyo";"olimac";"el-ajo-como-caido-del-cielo-mil-y-un-bendiciones";"/spanish/@olimac/el-ajo-como-caido-del-cielo-mil-y-un-bendiciones";178;2018-01-31 14:24:03;4.93;5.05
0.1;"SBD";"cbeep";"cbeep";"facebook-ban-cryptocurrency-promoting-advertisment-including-bitcoin-and-icos";"/bitcoin/@cbeep/facebook-ban-cryptocurrency-promoting-advertisment-including-bitcoin-and-icos";178;2018-01-31 14:24:03;4.93;5.05
1;"STEEM";"cryptoevolve";"cryptoevolve";"colorado-mule-deer";"/animals/@cryptoevolve/colorado-mule-deer";1669;2018-01-31 14:24:03;4.93;5.05
0.1;"SBD";"rgau1985";"rgau1985";"never-change-youtube-comments-never-change-";"/funny/@rgau1985/never-change-youtube-comments-never-change-";178;2018-01-31 14:24:03;4.93;5.05
0.2;"SBD";"koreaminer";"koreaminer";"eobot";"/kr/@koreaminer/eobot";355;2018-01-31 14:24:03;4.93;5.05
0.1;"SBD";"authorfriendly";"authorfriendly";"what-it-all-boils-down-to";"/psychology/@authorfriendly/what-it-all-boils-down-to";178;2018-01-31 14:24:03;4.93;5.05
0.1;"SBD";"filthywhale";"filthywhale";"rope-bunny";"/porn/@filthywhale/rope-bunny";178;2018-01-31 14:24:03;4.93;5.05
0.1;"SBD";"turkishcrew";"turkishcrew";"abandoned-car-abandoned-shit-weekly-contest-3-vehicles-aswcontest";"/aswcontest/@turkishcrew/abandoned-car-abandoned-shit-weekly-contest-3-vehicles-aswcontest";178;2018-01-31 14:24:03;4.93;5.05
0.11;"SBD";"aquafi";"aquafi";"bitcoin-usd-crypto-news-uk-bitcoin-traders-robbed-at-gunpoint";"/bitcoin/@aquafi/bitcoin-usd-crypto-news-uk-bitcoin-traders-robbed-at-gunpoint";196;2018-01-31 14:24:03;4.93;5.05
0.1;"SBD";"raini";"raini";"bunga-di-tepi-jalan";"/story/@raini/bunga-di-tepi-jalan";178;2018-01-31 14:24:03;4.93;5.05
0.11;"SBD";"aquafi";"aquafi";"bitcoin-usd-crypto-news-for-bitcoin-mining-samsung-begins-manufacturing-asic-chips";"/bitcoin/@aquafi/bitcoin-usd-crypto-news-for-bitcoin-mining-samsung-begins-manufacturing-asic-chips";196;2018-01-31 14:24:03;4.93;5.05
0.2;"SBD";"khairamuliani";"khairamuliani";"misunderstanding-the-baby-who-hit-but-the-cat-avenge-her-on-the-poor-dog-zg1hbmlh-01uub";"/dmania/@khairamuliani/misunderstanding-the-baby-who-hit-but-the-cat-avenge-her-on-the-poor-dog-zg1hbmlh-01uub";355;2018-01-31 14:24:03;4.93;5.05
0.2;"SBD";"coinkaka";"coinkaka";"why-people-do-this-please-check-steembottracker-before-sending-money";"/steembottracker/@coinkaka/why-people-do-this-please-check-steembottracker-before-sending-money";355;2018-01-31 14:24:03;4.93;5.05
0.413;"SBD";"archildo";"archildo";"the-waterfalls-are-something-very-beautiful";"/image/@archildo/the-waterfalls-are-something-very-beautiful";734;2018-01-31 14:24:03;4.93;5.05
0.95;"SBD";"discernente";"discernente";"re-robertoueti-re-discernente-quando-a-piada-perde-a-graca-20180127t204536831z";"/pt/@discernente/quando-a-piada-perde-a-graca#@discernente/re-robertoueti-re-discernente-quando-a-piada-perde-a-graca-20180127t204536831z";1689;2018-01-31 14:24:03;4.93;5.05
0.11;"SBD";"aquafi";"aquafi";"culture-this-is-why-you-trust-some-strangers-and-not-others";"/news/@aquafi/culture-this-is-why-you-trust-some-strangers-and-not-others";196;2018-01-31 14:24:03;4.93;5.05
1;"SBD";"ankitt";"ankitt";"kashmir-great-lakes-trek-2-my-picture-day";"/mypictureday/@ankitt/kashmir-great-lakes-trek-2-my-picture-day";1777;2018-01-31 14:24:03;4.93;5.05
0.6;"SBD";"bubbleboy";"bubbleboy";"eu-and-us-officials-crypto-regulation-will-be-focus-of-g20";"/cryptocurrency/@bubbleboy/eu-and-us-officials-crypto-regulation-will-be-focus-of-g20";868;2018-01-31 16:48:03;5;5.28
3;"SBD";"aircastle";"aircastle";"the-life-threatening-voyage";"/philosophy/@aircastle/the-life-threatening-voyage";4342;2018-01-31 16:48:03;5;5.28
0.1;"SBD";"dudu.photograph";"dudu.photograph";"life-and-poetry";"/life/@dudu.photograph/life-and-poetry";145;2018-01-31 16:48:03;5;5.28
0.1;"SBD";"tanvirrahman";"tanvirrahman";"ronaldo-vs-messi-zg1hbmlh-1yvcr";"/dmania/@tanvirrahman/ronaldo-vs-messi-zg1hbmlh-1yvcr";145;2018-01-31 16:48:03;5;5.28
0.3;"SBD";"cryptoplayer";"cryptoplayer";"steemit-hack-earn-10usd-100usd-daily";"/steemit/@cryptoplayer/steemit-hack-earn-10usd-100usd-daily";434;2018-01-31 16:48:03;5;5.28
0.1;"SBD";"cheapestwhale";"cheapestwhale";"the-3rd-best-place-for-cum-";"/porn/@cheapestwhale/the-3rd-best-place-for-cum-";145;2018-01-31 16:48:03;5;5.28
0.1;"SBD";"cryptosats";"cryptosats";"20180131t035752575z-post";"/moon/@cryptosats/20180131t035752575z-post";145;2018-01-31 16:48:03;5;5.28
0.11;"SBD";"aquafi";"aquafi";"bitcoin-and-crypto-news-facebook-bans-all-cryptocurrency-ads";"/cryptocurrency/@aquafi/bitcoin-and-crypto-news-facebook-bans-all-cryptocurrency-ads";159;2018-01-31 16:48:03;5;5.28
2.5;"SBD";"yjc638";"yjc638";"6-3";"/kr/@yjc638/6-3";3618;2018-01-31 16:48:03;5;5.28
0.1;"SBD";"skwth";"skwth";"look-deep-into-nature-and-then-you-will-understand-everything-better";"/photography/@skwth/look-deep-into-nature-and-then-you-will-understand-everything-better";202;2018-01-31 09:36:04;4.87;5.06
0.5;"SBD";"dobartim";"dobartim";"3e3zoo-steemit-ultimate-challenge-8-weeks-prize-fund-2000-sbd-week-1-registration-is-in-progress";"/steemitultimatechallenge/@dobartim/3e3zoo-steemit-ultimate-challenge-8-weeks-prize-fund-2000-sbd-week-1-registration-is-in-progress";1010;2018-01-31 09:36:04;4.87;5.06
0.1;"SBD";"habercitr";"habercitr";"no-need-for-two-the-dmania-boat-is-enough-to-defend-zg1hbmlh-obtb2";"/dmania/@habercitr/no-need-for-two-the-dmania-boat-is-enough-to-defend-zg1hbmlh-obtb2";202;2018-01-31 09:36:04;4.87;5.06
0.1;"SBD";"evegorilla";"evegorilla";"6v4rqz";"/jjangjjangman/@evegorilla/6v4rqz";202;2018-01-31 09:36:04;4.87;5.06
0.1;"SBD";"rollsman";"rollsman";"the-war-in-syria-situation-in-africa";"/turkey/@rollsman/the-war-in-syria-situation-in-africa";202;2018-01-31 09:36:04;4.87;5.06
0.1;"SBD";"aquafi";"aquafi";"crypto-news-giant-line-messaging-app-is-launching-a-cryptocurrency-exchange";"/cryptocurrency/@aquafi/crypto-news-giant-line-messaging-app-is-launching-a-cryptocurrency-exchange";202;2018-01-31 09:36:04;4.87;5.06
0.1;"SBD";"thunderland";"thunderland";"currencies-to-buy-or-sell-that-went-down-on-the-31th-january-2018";"/altcoins/@thunderland/currencies-to-buy-or-sell-that-went-down-on-the-31th-january-2018";202;2018-01-31 09:36:04;4.87;5.06
0.1;"SBD";"ajmalansari";"ajmalansari";"difference-between-1990-to-2018-zg1hbmlh-r86zq";"/dmania/@ajmalansari/difference-between-1990-to-2018-zg1hbmlh-r86zq";202;2018-01-31 09:36:04;4.87;5.06
1;"SBD";"cotarelo";"cotarelo";"quote-of-the-day-expressionism";"/quote/@cotarelo/quote-of-the-day-expressionism";2020;2018-01-31 09:36:04;4.87;5.06
0.2;"SBD";"myvoice";"myvoice";"quote-of-the-day";"/bodybuilding/@myvoice/quote-of-the-day";404;2018-01-31 09:36:04;4.87;5.06
0.4;"SBD";"the-icon";"the-icon";"what-is-the-good-thing-when-the-graph-of-your-invested-coin-is-going-down";"/crypto/@the-icon/what-is-the-good-thing-when-the-graph-of-your-invested-coin-is-going-down";808;2018-01-31 09:36:04;4.87;5.06
1;"SBD";"steemsyndicate";"steemsyndicate";"meme-challenge-54-entry-2";"/memechallenge/@steemsyndicate/meme-challenge-54-entry-2";2020;2018-01-31 09:36:04;4.87;5.06
0.3;"SBD";"hungrybanana";"hungrybanana";"call-my-name-and-im-already-there-original-song-for-dsound-by-hungry-banana";"/dsound/@hungrybanana/call-my-name-and-im-already-there-original-song-for-dsound-by-hungry-banana";606;2018-01-31 09:36:04;4.87;5.06
0.1;"SBD";"santana33";"santana33";"alert-bitgrail-to-close-non-compliant-accounts-and-takes-all-xrb-positions-to-btc";"/bitcoin/@santana33/alert-bitgrail-to-close-non-compliant-accounts-and-takes-all-xrb-positions-to-btc";202;2018-01-31 09:36:04;4.87;5.06
0.3;"SBD";"kenikat";"kenikat";"nissan-stagea-s1-original-brochure";"/cars/@kenikat/nissan-stagea-s1-original-brochure";606;2018-01-31 09:36:04;4.87;5.06
0.1;"SBD";"rambino";"rambino";"daily-cripto-tip-coin-of-february-lisk-lsk-making-money-is-my-hobby";"/bitcoin/@rambino/daily-cripto-tip-coin-of-february-lisk-lsk-making-money-is-my-hobby";202;2018-01-31 09:36:04;4.87;5.06
0.1;"SBD";"ttalk";"ttalk";"to-all-my-fellow-steemians-keep-steemin-lets-do-this-bpostive-zg1hbmlh-nj1jy";"/dmania/@ttalk/to-all-my-fellow-steemians-keep-steemin-lets-do-this-bpostive-zg1hbmlh-nj1jy";202;2018-01-31 09:36:04;4.87;5.06
0.15;"SBD";"hmushtaq";"hmushtaq";"i-ve-improved-my-python-based-crypto-portfolio-script";"/cryptocurrency/@hmushtaq/i-ve-improved-my-python-based-crypto-portfolio-script";303;2018-01-31 09:36:04;4.87;5.06
0.1;"SBD";"successforall";"successforall";"modern-humans-left-africa-much-earlier";"/nature/@successforall/modern-humans-left-africa-much-earlier";202;2018-01-31 09:36:04;4.87;5.06
0.2;"SBD";"chillbro";"chillbro";"one-day";"/meme/@chillbro/one-day";268;2018-01-31 12:00:04;5.01;5.17
0.1;"SBD";"nickmorphew";"nickmorphew";"how-veganism-compelled-me-to-change-my-habits-following-logic-and-admitting-my-wrongs";"/vegan/@nickmorphew/how-veganism-compelled-me-to-change-my-habits-following-logic-and-admitting-my-wrongs";134;2018-01-31 12:00:04;5.01;5.17
0.1;"SBD";"tatyanamishenko";"tatyanamishenko";"konec-polyarnoi-nochi-the-end-of-the-polar-night";"/travel/@tatyanamishenko/konec-polyarnoi-nochi-the-end-of-the-polar-night";134;2018-01-31 12:00:04;5.01;5.17
0.1;"SBD";"iskra74";"iskra74";"macrophotography";"/macro/@iskra74/macrophotography";134;2018-01-31 12:00:04;5.01;5.17
0.273;"SBD";"drakbirkenau";"drakbirkenau";"tuna-properties-and-benefits";"/life/@drakbirkenau/tuna-properties-and-benefits";365;2018-01-31 12:00:04;5.01;5.17
0.1;"SBD";"rakibul007";"rakibul007";"review-1-game-of-thrones";"/tvshow/@rakibul007/review-1-game-of-thrones";134;2018-01-31 12:00:04;5.01;5.17
0.1;"SBD";"dobartim";"dobartim";"steemit-is-candle-in-the-dark-night-steem-has-a-new-record-of-daily-transactions-2-068-341";"/motivation/@dobartim/steemit-is-candle-in-the-dark-night-steem-has-a-new-record-of-daily-transactions-2-068-341";134;2018-01-31 12:00:04;5.01;5.17
0.5;"SBD";"ruthlessnerd";"ruthlessnerd";"marriage-goals-zg1hbmlh-ev0ut";"/dmania/@ruthlessnerd/marriage-goals-zg1hbmlh-ev0ut";669;2018-01-31 12:00:04;5.01;5.17
0.2;"SBD";"kakakiky";"kakakiky";"5-fobia-paling-aneh-sedunia-mungkin-kamu-mengidapnya";"/indonesia/@kakakiky/5-fobia-paling-aneh-sedunia-mungkin-kamu-mengidapnya";268;2018-01-31 12:00:04;5.01;5.17
0.2;"SBD";"kadabra";"kadabra";"20180131t110403424z-post";"/photography/@kadabra/20180131t110403424z-post";268;2018-01-31 12:00:04;5.01;5.17
0.1;"SBD";"cheapestwhale";"cheapestwhale";"the-skank-tank";"/dmania/@cheapestwhale/the-skank-tank";134;2018-01-31 12:00:04;5.01;5.17
0.2;"SBD";"sammy00";"sammy00";"when-they-say-food-get-out-the-way-zg1hbmlh-xo9gv";"/dmania/@sammy00/when-they-say-food-get-out-the-way-zg1hbmlh-xo9gv";268;2018-01-31 12:00:04;5.01;5.17
0.1;"SBD";"musri.photo";"musri.photo";"promo-steemit-via-whatsapp-wa-9d8aad1ca32bd";"/promo-steem/@musri.photo/promo-steemit-via-whatsapp-wa-9d8aad1ca32bd";134;2018-01-31 12:00:04;5.01;5.17
0.3;"SBD";"bybrawe";"artvideo";"samurai-trap--bass-artvideo-remix";"/dsound/@artvideo/samurai-trap--bass-artvideo-remix";401;2018-01-31 12:00:04;5.01;5.17
0.1;"SBD";"musri.photo";"musri.photo";"jeulikat-reservoir-in-2016";"/photography/@musri.photo/jeulikat-reservoir-in-2016";134;2018-01-31 12:00:04;5.01;5.17
0.3;"SBD";"mavigozlu";"mavigozlu";"nesrin-ala-yrek-remix";"/dsound/@mavigozlu/nesrin-ala-yrek-remix";401;2018-01-31 12:00:04;5.01;5.17
0.1;"SBD";"musri.photo";"musri.photo";"langit-yang-menakjubkan";"/photography/@musri.photo/langit-yang-menakjubkan";134;2018-01-31 12:00:04;5.01;5.17
0.5;"SBD";"catwomanteresa";"catwomanteresa";"let-s-go-spa";"/cn/@catwomanteresa/let-s-go-spa";669;2018-01-31 12:00:04;5.01;5.17
0.1;"SBD";"mutu";"mutu";"having-a-cumtastic-time";"/dmania/@mutu/having-a-cumtastic-time";134;2018-01-31 12:00:04;5.01;5.17
1;"SBD";"elizahfhaye";"elizahfhaye";"the-world-of-cryptocurrency-coffee-next-in-the-line";"/news/@elizahfhaye/the-world-of-cryptocurrency-coffee-next-in-the-line";1338;2018-01-31 12:00:04;5.01;5.17
0.4;"SBD";"honeysara";"honeysara";"yoyyngenetha-yamnmathbaa0pt0netngko-tainthimyap-yapngyaeaang";"/myanmar/@honeysara/yoyyngenetha-yamnmathbaa0pt0netngko-tainthimyap-yapngyaeaang";535;2018-01-31 12:00:04;5.01;5.17
0.3;"SBD";"mvrr007";"mvrr007";"2-sbd-daily-giveaway-contest-and-daily-cryptocurrency-news";"/contest/@mvrr007/2-sbd-daily-giveaway-contest-and-daily-cryptocurrency-news";401;2018-01-31 12:00:04;5.01;5.17
2;"SBD";"ozyriusz";"ozyriusz";"4vbh2x-hey-everyone";"/photo/@ozyriusz/4vbh2x-hey-everyone";2676;2018-01-31 12:00:04;5.01;5.17
0.1;"SBD";"successforall";"successforall";"oprah-2020-winfrey-says-she-does-not-have-the-dna-for-it";"/pilitics/@successforall/oprah-2020-winfrey-says-she-does-not-have-the-dna-for-it";134;2018-01-31 12:00:04;5.01;5.17
0.5;"SBD";"dumitriu";"dumitriu";"free-first-10-user-last-post-resteem-92-to-1300-stemmians-please-be-original-if-not-i-will-not-resteem-your-post";"/resteem/@dumitriu/free-first-10-user-last-post-resteem-92-to-1300-stemmians-please-be-original-if-not-i-will-not-resteem-your-post";1086;2018-01-31 14:24:03;4.89;5.06
0.1;"SBD";"musri.photo";"musri.photo";"photo-2016-c6718a9b5d003";"/photography/@musri.photo/photo-2016-c6718a9b5d003";217;2018-01-31 14:24:03;4.89;5.06
0.1;"SBD";"abankdedi";"abankdedi";"kesombongan-f1bdda7140714";"/photography/@abankdedi/kesombongan-f1bdda7140714";217;2018-01-31 14:24:03;4.89;5.06
0.108;"SBD";"krupesh";"krupesh";"xiaomi-officially-launched-mi-box-4-and-4c";"/news/@krupesh/xiaomi-officially-launched-mi-box-4-and-4c";235;2018-01-31 14:24:03;4.89;5.06
0.1;"SBD";"rambino";"rambino";"making-money-is-my-hobby-why-can-i-say-that-and-how-to-get-yourself-in";"/life/@rambino/making-money-is-my-hobby-why-can-i-say-that-and-how-to-get-yourself-in";217;2018-01-31 14:24:03;4.89;5.06
0.1;"SBD";"masqurade";"masqurade";"cryptocurrency-investors-in-a-fix-as-banks-stop-taking-deposits-from-wallets";"/cryptocurrency/@masqurade/cryptocurrency-investors-in-a-fix-as-banks-stop-taking-deposits-from-wallets";217;2018-01-31 14:24:03;4.89;5.06
0.2;"SBD";"maemeghna";"maemeghna";"my-rtr";"/busy/@maemeghna/my-rtr";434;2018-01-31 14:24:03;4.89;5.06
0.1;"SBD";"nousse";"nousse";"ethereum";"/ethereum/@nousse/ethereum";217;2018-01-31 14:24:03;4.89;5.06
0.1;"STEEM";"selfhelp";"selfhelp";"steem-usdusdusd-giveaway";"/introduceyourself/@selfhelp/steem-usdusdusd-giveaway";207;2018-01-31 14:24:03;4.89;5.06
0.5;"SBD";"kedi";"kedi";"who-are-these-keyboard-warriors-actually-internet-reality-zg1hbmlh-ujtrh";"/dmania/@kedi/who-are-these-keyboard-warriors-actually-internet-reality-zg1hbmlh-ujtrh";1086;2018-01-31 14:24:03;4.89;5.06
0.15;"SBD";"wasgyo";"orlando2016";"calidad-artistica";"/spanish/@orlando2016/calidad-artistica";326;2018-01-31 14:24:03;4.89;5.06
0.1;"SBD";"luciiik";"luciiik";"skoda-superb-photos-of-car";"/photography/@luciiik/skoda-superb-photos-of-car";217;2018-01-31 14:24:03;4.89;5.06
0.5;"SBD";"sametceylan";"sametceylan";"she-loves-bathroom-times-zg1hbmlh-nozyv";"/dmania/@sametceylan/she-loves-bathroom-times-zg1hbmlh-nozyv";1086;2018-01-31 14:24:03;4.89;5.06
0.3;"SBD";"arellanoyan";"arellanoyan";"hello-steemit";"/introducemyself/@arellanoyan/hello-steemit";652;2018-01-31 14:24:03;4.89;5.06
0.1;"SBD";"appleberry";"appleberry";"6k9cz7";"/kr-newbie/@appleberry/6k9cz7";217;2018-01-31 14:24:03;4.89;5.06
0.5;"SBD";"realmsofcrypto";"realmsofcrypto";"realms-of-ico-substratum";"/cryptocurrency/@realmsofcrypto/realms-of-ico-substratum";1086;2018-01-31 14:24:03;4.89;5.06
0.1;"SBD";"antonsteemit";"growingpower";"how-to-earn-more-money-by-comment-more";"/steemit/@growingpower/how-to-earn-more-money-by-comment-more";217;2018-01-31 14:24:03;4.89;5.06
0.2;"SBD";"mariachan";"mariachan";"my-enter-to-landscapephotography-hosted-juliank-park";"/travel/@mariachan/my-enter-to-landscapephotography-hosted-juliank-park";434;2018-01-31 14:24:03;4.89;5.06
0.1;"SBD";"stugalaxy";"stugalaxy";"abstract-photo-life-is-a-blur-1";"/abstract/@stugalaxy/abstract-photo-life-is-a-blur-1";217;2018-01-31 14:24:03;4.89;5.06
0.55;"SBD";"discernente";"discernente";"minha-leve-mudanca-de-estrategia-no-steemit";"/pt/@discernente/minha-leve-mudanca-de-estrategia-no-steemit";1195;2018-01-31 14:24:03;4.89;5.06
0.1;"SBD";"gulusch";"gulusch";"16a0f5d0-0683-11e8-ae04-95f3b7518134";"/dlive/@gulusch/16a0f5d0-0683-11e8-ae04-95f3b7518134";217;2018-01-31 14:24:03;4.89;5.06
0.1;"SBD";"chillbro";"chillbro";"hope-hes-not-sending-nudes-zg1hbmlh-g3j2p";"/dmania/@chillbro/hope-hes-not-sending-nudes-zg1hbmlh-g3j2p";184;2018-01-31 16:48:03;4.91
0.5;"SBD";"kobusu";"kobusu";"manual-curation-service-from-kobusu-and-mariachan-week-3";"/curation/@kobusu/manual-curation-service-from-kobusu-and-mariachan-week-3";921;2018-01-31 16:48:03;4.91
0.2;"SBD";"kobusu";"kobusu";"evening-kiev-city-center-my-enter-to-cityscapephotography";"/travel/@kobusu/evening-kiev-city-center-my-enter-to-cityscapephotography";368;2018-01-31 16:48:03;4.91
0.1;"SBD";"aloha-mylife";"aloha-mylife";"6qx7jd";"/kr/@aloha-mylife/6qx7jd";184;2018-01-31 16:48:03;4.91
0.1;"SBD";"aloha-mylife";"aloha-mylife";"3pyyy8";"/kr/@aloha-mylife/3pyyy8";184;2018-01-31 16:48:03;4.91
0.1;"SBD";"aloha-mylife";"aloha-mylife";"2czqmy";"/kr-newbie/@aloha-mylife/2czqmy";184;2018-01-31 16:48:03;4.91
0.5;"SBD";"truthtellerhere";"truthtellerhere";"indigenousnagaland-27-vindication-of-my-previous-post";"/democracy/@truthtellerhere/indigenousnagaland-27-vindication-of-my-previous-post";921;2018-01-31 16:48:03;4.91
0.1;"SBD";"tanishqnik";"tanishqnik";"shareef-bacche";"/photography/@tanishqnik/shareef-bacche";184;2018-01-31 16:48:03;4.91
1.18;"SBD";"puncakbukit";"puncakbukit";"sekilas-tentang-burung-sepah-gunung";"/burungocehan/@puncakbukit/sekilas-tentang-burung-sepah-gunung";2173;2018-01-31 16:48:03;4.91
1;"SBD";"puncakbukit";"puncakbukit";"102018131-c";"/japanese/@puncakbukit/102018131-c";1842;2018-01-31 16:48:03;4.91
0.1;"SBD";"letsmakes";"letsmakes";"top-non-bitcoin-altcoins-for-your-portfolio-in-2018";"/news/@letsmakes/top-non-bitcoin-altcoins-for-your-portfolio-in-2018";184;2018-01-31 16:48:03;4.91
0.8;"SBD";"crio";"crio";"turkey-bodrum-music-zg1hbmlh-la08l";"/dmania/@crio/turkey-bodrum-music-zg1hbmlh-la08l";1473;2018-01-31 16:48:03;4.91
0.15;"SBD";"ericjordan";"ericjordan";"incredible-reflection-from-poland-end-of-2017";"/reflection/@ericjordan/incredible-reflection-from-poland-end-of-2017";276;2018-01-31 16:48:03;4.91
0.1;"SBD";"world-traveler";"world-traveler";"my-trips-the-bralhambra";"/photography/@world-traveler/my-trips-the-bralhambra";184;2018-01-31 16:48:03;4.91
0.1;"SBD";"thelordsfinest";"thelordsfinest";"55b72ffj";"/music/@thelordsfinest/55b72ffj";184;2018-01-31 16:48:03;4.91
0.1;"SBD";"driptorchpress";"driptorchpress";"making-money-like-a-millennial-steemit";"/steemit/@driptorchpress/making-money-like-a-millennial-steemit";184;2018-01-31 16:48:03;4.91
0.1;"SBD";"stevelivingston";"stevelivingston";"developing-dream-come-true-experiences-for-customers";"/business/@stevelivingston/developing-dream-come-true-experiences-for-customers";184;2018-01-31 16:48:03;4.91
0.1;"SBD";"dankh";"dankh";"market-update-on-sbd-usd-1-31-2018";"/sbd/@dankh/market-update-on-sbd-usd-1-31-2018";184;2018-01-31 16:48:03;4.91
0.1;"SBD";"chillbro";"chillbro";"hope-hes-not-sending-nudes-zg1hbmlh-g3j2p";"/dmania/@chillbro/hope-hes-not-sending-nudes-zg1hbmlh-g3j2p";184;2018-01-31 19:12:03;4.86;4.88
0.5;"SBD";"kobusu";"kobusu";"manual-curation-service-from-kobusu-and-mariachan-week-3";"/curation/@kobusu/manual-curation-service-from-kobusu-and-mariachan-week-3";921;2018-01-31 19:12:03;4.86;4.88
0.2;"SBD";"kobusu";"kobusu";"evening-kiev-city-center-my-enter-to-cityscapephotography";"/travel/@kobusu/evening-kiev-city-center-my-enter-to-cityscapephotography";368;2018-01-31 19:12:03;4.86;4.88
0.1;"SBD";"aloha-mylife";"aloha-mylife";"6qx7jd";"/kr/@aloha-mylife/6qx7jd";184;2018-01-31 19:12:03;4.86;4.88
0.1;"SBD";"aloha-mylife";"aloha-mylife";"3pyyy8";"/kr/@aloha-mylife/3pyyy8";184;2018-01-31 19:12:03;4.86;4.88
0.1;"SBD";"aloha-mylife";"aloha-mylife";"2czqmy";"/kr-newbie/@aloha-mylife/2czqmy";184;2018-01-31 19:12:03;4.86;4.88
0.5;"SBD";"truthtellerhere";"truthtellerhere";"indigenousnagaland-27-vindication-of-my-previous-post";"/democracy/@truthtellerhere/indigenousnagaland-27-vindication-of-my-previous-post";921;2018-01-31 19:12:03;4.86;4.88
0.1;"SBD";"tanishqnik";"tanishqnik";"shareef-bacche";"/photography/@tanishqnik/shareef-bacche";184;2018-01-31 19:12:03;4.86;4.88
1.18;"SBD";"puncakbukit";"puncakbukit";"sekilas-tentang-burung-sepah-gunung";"/burungocehan/@puncakbukit/sekilas-tentang-burung-sepah-gunung";2173;2018-01-31 19:12:03;4.86;4.88
1;"SBD";"puncakbukit";"puncakbukit";"102018131-c";"/japanese/@puncakbukit/102018131-c";1842;2018-01-31 19:12:03;4.86;4.88
0.1;"SBD";"letsmakes";"letsmakes";"top-non-bitcoin-altcoins-for-your-portfolio-in-2018";"/news/@letsmakes/top-non-bitcoin-altcoins-for-your-portfolio-in-2018";184;2018-01-31 19:12:03;4.86;4.88
0.8;"SBD";"crio";"crio";"turkey-bodrum-music-zg1hbmlh-la08l";"/dmania/@crio/turkey-bodrum-music-zg1hbmlh-la08l";1473;2018-01-31 19:12:03;4.86;4.88
0.15;"SBD";"ericjordan";"ericjordan";"incredible-reflection-from-poland-end-of-2017";"/reflection/@ericjordan/incredible-reflection-from-poland-end-of-2017";276;2018-01-31 19:12:03;4.86;4.88
0.1;"SBD";"world-traveler";"world-traveler";"my-trips-the-bralhambra";"/photography/@world-traveler/my-trips-the-bralhambra";184;2018-01-31 19:12:03;4.86;4.88
0.1;"SBD";"thelordsfinest";"thelordsfinest";"55b72ffj";"/music/@thelordsfinest/55b72ffj";184;2018-01-31 19:12:03;4.86;4.88
0.1;"SBD";"driptorchpress";"driptorchpress";"making-money-like-a-millennial-steemit";"/steemit/@driptorchpress/making-money-like-a-millennial-steemit";184;2018-01-31 19:12:03;4.86;4.88
0.1;"SBD";"stevelivingston";"stevelivingston";"developing-dream-come-true-experiences-for-customers";"/business/@stevelivingston/developing-dream-come-true-experiences-for-customers";184;2018-01-31 19:12:03;4.86;4.88
0.1;"SBD";"dankh";"dankh";"market-update-on-sbd-usd-1-31-2018";"/sbd/@dankh/market-update-on-sbd-usd-1-31-2018";184;2018-01-31 19:12:03;4.86;4.88
0.2;"SBD";"piyasmarty121287";"piyasmarty121287";"has-your-boss-asked-you-this-recently-zg1hbmlh-5lqpt";"/dmania/@piyasmarty121287/has-your-boss-asked-you-this-recently-zg1hbmlh-5lqpt";298;2018-01-31 21:36:03;4.97;4.91
0.1;"SBD";"madviking";"madviking";"ashes-of-the-singularity-escalation-review-a-really-massive-rts";"/gaming/@madviking/ashes-of-the-singularity-escalation-review-a-really-massive-rts";149;2018-01-31 21:36:03;4.97;4.91
0.1;"SBD";"ashaduzzaman";"ashaduzzaman";"shakib-got-the-team-in-the-ipl-the-team-he-bought-at-a-high-price";"/sports/@ashaduzzaman/shakib-got-the-team-in-the-ipl-the-team-he-bought-at-a-high-price";149;2018-01-31 21:36:03;4.97;4.91
0.1;"SBD";"seanytan";"seanytan";"seanytravels-1-my-first-visit-to-thailand-biggest-music-festival-ever-khao-yai-ft-bangkok";"/travel/@seanytan/seanytravels-1-my-first-visit-to-thailand-biggest-music-festival-ever-khao-yai-ft-bangkok";149;2018-01-31 21:36:03;4.97;4.91
1.6;"SBD";"luca21";"luca21";"the-next-flash-crash";"/bitcoin/@luca21/the-next-flash-crash";2385;2018-01-31 21:36:03;4.97;4.91
0.1;"SBD";"ejazmalik";"ejazmalik";"valentines-day-is-around-the-corner-zg1hbmlh-3unvg";"/dmania/@ejazmalik/valentines-day-is-around-the-corner-zg1hbmlh-3unvg";149;2018-01-31 21:36:03;4.97;4.91
0.1;"SBD";"khan24299";"khan24299";"train-your-child-to-sport-in-a-young-age-zg1hbmlh-llgai";"/dmania/@khan24299/train-your-child-to-sport-in-a-young-age-zg1hbmlh-llgai";149;2018-01-31 21:36:03;4.97;4.91
0.2;"SBD";"jamjamfood";"jamjamfood";"chili-season-starts-now-see-my-filled-grow-box";"/gardening/@jamjamfood/chili-season-starts-now-see-my-filled-grow-box";298;2018-01-31 21:36:03;4.97;4.91
2;"SBD";"ghunwolde";"ghunwolde";"men-always-the-same-they-just-want-one-thing-and-age-doesnt-matter-zg1hbmlh-s9qh9";"/dmania/@ghunwolde/men-always-the-same-they-just-want-one-thing-and-age-doesnt-matter-zg1hbmlh-s9qh9";2981;2018-01-31 21:36:03;4.97;4.91
0.1;"SBD";"thelordsfinest";"thelordsfinest";"qyhkfs1c";"/music/@thelordsfinest/qyhkfs1c";149;2018-01-31 21:36:03;4.97;4.91
0.2;"SBD";"jessicagorter";"jessicagorter";"he-refuses-to-work-bitcoin-meme-zg1hbmlh-qs26r";"/dmania/@jessicagorter/he-refuses-to-work-bitcoin-meme-zg1hbmlh-qs26r";298;2018-01-31 21:36:03;4.97;4.91
0.5;"SBD";"sibtainchishti";"sibtainchishti";"lunar-ellipse";"/education/@sibtainchishti/lunar-ellipse";745;2018-01-31 21:36:03;4.97;4.91
1.11;"SBD";"colinbrazendale";"colinbrazendale";"motivation-how-to-eliminate-fear";"/motivation/@colinbrazendale/motivation-how-to-eliminate-fear";1654;2018-01-31 21:36:03;4.97;4.91
0.1;"SBD";"manurednote";"manurednote";"hotel-trivago-zg1hbmlh-f0yp9";"/dmania/@manurednote/hotel-trivago-zg1hbmlh-f0yp9";149;2018-01-31 21:36:03;4.97;4.91
0.1;"SBD";"rmoreno73";"rmoreno73";"seven-day-black-and-white-challenge-take-2-day-2";"/sevendaybnwchallenge/@rmoreno73/seven-day-black-and-white-challenge-take-2-day-2";149;2018-01-31 21:36:03;4.97;4.91
0.1;"SBD";"notannov";"notannov";"beautiful-green";"/nature/@notannov/beautiful-green";149;2018-01-31 21:36:03;4.97;4.91
0.1;"SBD";"sunnyali";"sunnyali";"so-this-is-the-face-of-a-champion-zg1hbmlh-5f3b1";"/dmania/@sunnyali/so-this-is-the-face-of-a-champion-zg1hbmlh-5f3b1";150;2018-02-01 00:00:03;5.04;5.17
0.1;"SBD";"angelusnoctum";"angelusnoctum";"carne-azul";"/pez/@angelusnoctum/carne-azul";150;2018-02-01 00:00:03;5.04;5.17
0.1;"STEEM";"sigmundfreud";"steem.lol";"when-dmania-bot-ignores-your-meme-zg1hbmlh-2klfr";"/dmania/@steem.lol/when-dmania-bot-ignores-your-meme-zg1hbmlh-2klfr";149;2018-02-01 00:00:03;5.04;5.17
0.1;"SBD";"irdiansyah";"irdiansyah";"5-facts-of-super-blue-blood-moon-81f812a73c43a";"/steemiteducation/@irdiansyah/5-facts-of-super-blue-blood-moon-81f812a73c43a";150;2018-02-01 00:00:03;5.04;5.17
0.1;"STEEM";"sigmundfreud";"sigmundfreud";"when-the-truth-hurts-zg1hbmlh-3ufhp";"/dmania/@sigmundfreud/when-the-truth-hurts-zg1hbmlh-3ufhp";149;2018-02-01 00:00:03;5.04;5.17
0.1;"SBD";"apnigrich";"apnigrich";"my-puppy-moi-shenok";"/animalphotography/@apnigrich/my-puppy-moi-shenok";150;2018-02-01 00:00:03;5.04;5.17
0.2;"SBD";"jamjamfood";"jamjamfood";"food-by-red-fish-22-best-food-posts-by-steemit-s-smallest-fish-are-you-included";"/food/@jamjamfood/food-by-red-fish-22-best-food-posts-by-steemit-s-smallest-fish-are-you-included";300;2018-02-01 00:00:03;5.04;5.17
0.1;"SBD";"gentlemensmafia";"gentlemensmafia";"5smq2g-daily-motivation-gentlemensmafia";"/busy/@gentlemensmafia/5smq2g-daily-motivation-gentlemensmafia";150;2018-02-01 00:00:03;5.04;5.17
0.1;"SBD";"tebriz";"tebriz";"ripple-yeni-liderimiz-olabilir-ripple-hakkinda-bilmedikleriniz-35-usd-cointurk-11-projesi";"/tr/@tebriz/ripple-yeni-liderimiz-olabilir-ripple-hakkinda-bilmedikleriniz-35-usd-cointurk-11-projesi";150;2018-02-01 00:00:03;5.04;5.17
1.575;"SBD";"puncakbukit";"puncakbukit";"102018128";"/ranking/@puncakbukit/102018128";2360;2018-02-01 00:00:03;5.04;5.17
0.1;"SBD";"ylmz";"ylmz";"decentmemes-1517433534230";"/decentmemes/@ylmz/decentmemes-1517433534230";150;2018-02-01 00:00:03;5.04;5.17
0.5;"SBD";"yhoh";"yhoh";"5sbxzf-2";"/kr/@yhoh/5sbxzf-2";749;2018-02-01 00:00:03;5.04;5.17
0.7;"SBD";"jackyhng";"jackyhng";"pigeons-of-new-york-city";"/photography/@jackyhng/pigeons-of-new-york-city";1049;2018-02-01 00:00:03;5.04;5.17
0.2;"SBD";"naturallife";"naturallife";"into-the-forest";"/dsound/@naturallife/into-the-forest";300;2018-02-01 00:00:03;5.04;5.17
2;"STEEM";"meme-it";"meme-it";"mum-it-s-bitcoin";"/vincentb/@meme-it/mum-it-s-bitcoin";2980;2018-02-01 00:00:03;5.04;5.17
0.31;"SBD";"circuitshark";"shantishellz";"of-salvation-and-super-moons";"/island/@shantishellz/of-salvation-and-super-moons";465;2018-02-01 00:00:03;5.04;5.17
0.1;"SBD";"pau";"pau";"hair-highlights-cheap-and-easy";"/hair/@pau/hair-highlights-cheap-and-easy";150;2018-02-01 00:00:03;5.04;5.17
0.1;"SBD";"hasancantaskiran";"hasancantaskiran";"hasancantaskiran-ready-or-not-maschinetest-live-performance";"/dsound/@hasancantaskiran/hasancantaskiran-ready-or-not-maschinetest-live-performance";150;2018-02-01 00:00:03;5.04;5.17
0.1;"SBD";"curtaintwitcher";"curtaintwitcher";"damn-too-many-messages-today-zg1hbmlh-4rerl";"/dmania/@curtaintwitcher/damn-too-many-messages-today-zg1hbmlh-4rerl";150;2018-02-01 00:00:03;5.04;5.17
0.15;"SBD";"pandasquad";"pandasquad";"re-networker5-re-pandasquad-re-networker5-re-pandasquad-6yx1uw-can-you-solve-this-puzzle-for-a-small-steem-prize-20180128t011841485z";"/puzzle/@pandasquad/6yx1uw-can-you-solve-this-puzzle-for-a-small-steem-prize#@pandasquad/re-networker5-re-pandasquad-re-networker5-re-pandasquad-6yx1uw-can-you-solve-this-puzzle-for-a-small-steem-prize-20180128t011841485z";202;2018-02-01 02:24:04;5;5.08
0.1;"SBD";"dobartim";"dobartim";"steemit-moon-eclipse-of-love";"/poetry/@dobartim/steemit-moon-eclipse-of-love";135;2018-02-01 02:24:04;5;5.08
0.1;"SBD";"wasgyo";"luisojedagc";"salir-conmigo-es-garantia-de-exito-y-felicidad";"/spanish/@luisojedagc/salir-conmigo-es-garantia-de-exito-y-felicidad";135;2018-02-01 02:24:04;5;5.08
0.1;"SBD";"nesim";"nesim";"dsoundnesim-night-violinpiano-recital-relaxing-music";"/dsound/@nesim/dsoundnesim-night-violinpiano-recital-relaxing-music";135;2018-02-01 02:24:04;5;5.08
3;"SBD";"atherz";"atherz";"1iojgg0d";"/original-music/@atherz/1iojgg0d";4045;2018-02-01 02:24:04;5;5.08
0.1;"SBD";"taylangkcn";"taylangkcn";"tyln-harmony-original";"/dsound/@taylangkcn/tyln-harmony-original";135;2018-02-01 02:24:04;5;5.08
0.1;"SBD";"wolfenlord";"wolfenlord";"re-mariana4ve-re-wolfenlord-concurso-de-microrrelatos-de-terror-microterror256-semana-1-perfido-20180127t193902453z";"/microterror256/@wolfenlord/concurso-de-microrrelatos-de-terror-microterror256-semana-1-perfido#@wolfenlord/re-mariana4ve-re-wolfenlord-concurso-de-microrrelatos-de-terror-microterror256-semana-1-perfido-20180127t193902453z";135;2018-02-01 02:24:04;5;5.08
1;"SBD";"learnguitar";"learnguitar";"learn-guitar-c-pentatonic-ionian";"/education/@learnguitar/learn-guitar-c-pentatonic-ionian";1348;2018-02-01 02:24:04;5;5.08
0.1;"SBD";"shunnoo";"shunnoo";"the-city-over-the-clouds-sajek";"/lifestyle/@shunnoo/the-city-over-the-clouds-sajek";135;2018-02-01 02:24:04;5;5.08
1;"STEEM";"cherub-xiwang";"cherub-xiwang";"what-cherub-wears-04-tom-boy";"/fashion/@cherub-xiwang/what-cherub-wears-04-tom-boy";1304;2018-02-01 02:24:04;5;5.08
0.4;"SBD";"ale88";"ale88";"post-foto-2-flores";"/spanish/@ale88/post-foto-2-flores";539;2018-02-01 02:24:04;5;5.08
1.3;"SBD";"nova-tv";"nova-tv";"wfbm7ubk";"/mario/@nova-tv/wfbm7ubk";1753;2018-02-01 02:24:04;5;5.08
0.2;"SBD";"sarah249";"sarah249";"hshare-buy-target-complete";"/cryptocurrency/@sarah249/hshare-buy-target-complete";384;2018-02-01 04:48:03;4.85
0.1;"SBD";"rollsman";"rollsman";"meeting";"/blog/@rollsman/meeting";192;2018-02-01 04:48:03;4.85
0.3;"STEEM";"stmeme";"stmeme";"my-favorite-memes-today-6";"/funny/@stmeme/my-favorite-memes-today-6";557;2018-02-01 04:48:03;4.85
1;"SBD";"rodrigomf";"rodrigomf";"educacao-brasileira-segundo-a-avaliacao-do-pisa-2015";"/pt/@rodrigomf/educacao-brasileira-segundo-a-avaliacao-do-pisa-2015";1921;2018-02-01 04:48:03;4.85
0.5;"SBD";"dabmasterjay";"dabmasterjay";"macro-mushroom-picture";"/animalphotography/@dabmasterjay/macro-mushroom-picture";960;2018-02-01 04:48:03;4.85
0.1;"SBD";"abnys";"abnys";"cow-though-im-not-as-pretty-as-his-but-i-can-imitate-his-zg1hbmlh-8soqq";"/dmania/@abnys/cow-though-im-not-as-pretty-as-his-but-i-can-imitate-his-zg1hbmlh-8soqq";192;2018-02-01 04:48:03;4.85
0.2;"SBD";"princeyk";"princeyk";"health-devices-to-make-your-life-easier-read";"/health/@princeyk/health-devices-to-make-your-life-easier-read";384;2018-02-01 04:48:03;4.85
1;"SBD";"puncakbukit";"puncakbukit";"10-besar-tulisan-hari-ini-minggu-28-januari-2018";"/peringkat/@puncakbukit/10-besar-tulisan-hari-ini-minggu-28-januari-2018";1921;2018-02-01 04:48:03;4.85
0.1;"SBD";"o2rs2015";"o2rs2015";"the-snapchat-filter-pictures-on-facebook-are-really-getting-out-of-hand";"/funny/@o2rs2015/the-snapchat-filter-pictures-on-facebook-are-really-getting-out-of-hand";192;2018-02-01 04:48:03;4.85
0.1;"SBD";"thelordsfinest";"thelordsfinest";"da6adf30-061f-11e8-a784-2b9fd6e6c368";"/dlive/@thelordsfinest/da6adf30-061f-11e8-a784-2b9fd6e6c368";192;2018-02-01 04:48:03;4.85
1;"STEEM";"therockman";"therockman";"grumpy-cat-on-having-babies-zg1hbmlh-78imq";"/dmania/@therockman/grumpy-cat-on-having-babies-zg1hbmlh-78imq";1856;2018-02-01 04:48:03;4.85
0.55;"SBD";"discernente";"discernente";"re-syy-re-discernente-minha-leve-mudanca-de-estrategia-no-steemit-20180127t214155599z";"/pt/@discernente/minha-leve-mudanca-de-estrategia-no-steemit#@discernente/re-syy-re-discernente-minha-leve-mudanca-de-estrategia-no-steemit-20180127t214155599z";1056;2018-02-01 04:48:03;4.85
0.1;"SBD";"cryptoseeds";"cryptoseeds";"20180201t020151610z";"/cryptoseeds/@cryptoseeds/20180201t020151610z";192;2018-02-01 04:48:03;4.85
0.2;"SBD";"vinmaru";"vinmaru";"cannabis-news-california-considers-state-bank-for-cannabis-industry-banking-vs-cryptos-mj-facts";"/cannabis/@vinmaru/cannabis-news-california-considers-state-bank-for-cannabis-industry-banking-vs-cryptos-mj-facts";315;2018-02-01 07:12:03;5.43;5.34
1;"STEEM";"vladivostok";"vladivostok";"keep-your-eyes-on-the-road-photo";"/longexposurephotography/@vladivostok/keep-your-eyes-on-the-road-photo";1502;2018-02-01 07:12:03;5.43;5.34
0.869;"SBD";"sigmundfreud";"espano";"why-tether-s-latest-statement-about-its-auditor-is-complete-bs";"/bitcoin/@espano/why-tether-s-latest-statement-about-its-auditor-is-complete-bs";1368;2018-02-01 07:12:03;5.43;5.34
1;"SBD";"eliot01";"etth01";"color-challenge-sunday-purple-top-8-naturaleza-purpura";"/spanish/@etth01/color-challenge-sunday-purple-top-8-naturaleza-purpura";1574;2018-02-01 07:12:03;5.43;5.34
0.55;"SBD";"ulisesfl17";"ulisesfl17";"recalling-an-environmental-impact-study-at-national-park-mochima-venezuela-2008";"/nature/@ulisesfl17/recalling-an-environmental-impact-study-at-national-park-mochima-venezuela-2008";866;2018-02-01 07:12:03;5.43;5.34
0.1;"SBD";"matapalmera";"matapalmera";"43exrr-carta-de-amor";"/spanish/@matapalmera/43exrr-carta-de-amor";157;2018-02-01 07:12:03;5.43;5.34
0.3;"SBD";"setuakter";"setuakter";"flower-tree-zg1hbmlh-af7lr";"/dmania/@setuakter/flower-tree-zg1hbmlh-af7lr";472;2018-02-01 07:12:03;5.43;5.34
0.78;"SBD";"dtubix";"dtubix";"h3zch5pz";"/animals/@dtubix/h3zch5pz";1228;2018-02-01 07:12:03;5.43;5.34
0.1;"SBD";"tanvirrahman";"tanvirrahman";"when-get-vote-from-dmania-zg1hbmlh-wdxef";"/dmania/@tanvirrahman/when-get-vote-from-dmania-zg1hbmlh-wdxef";157;2018-02-01 07:12:03;5.43;5.34
0.3;"SBD";"sibtainchishti";"sibtainchishti";"the-laser-printer";"/education/@sibtainchishti/the-laser-printer";472;2018-02-01 07:12:03;5.43;5.34
0.2;"SBD";"biraj";"biraj";"natural-resource";"/nature/@biraj/natural-resource";315;2018-02-01 07:12:03;5.43;5.34
0.2;"SBD";"koreaminer";"koreaminer";"2gk6zr";"/kr/@koreaminer/2gk6zr";315;2018-02-01 07:12:03;5.43;5.34
0.3;"SBD";"dgcarlosleon";"dgcarlosleon";"te-roban-sin-que-te-des-cuenta-by-dgcarlosleon-01-02-2018";"/mining/@dgcarlosleon/te-roban-sin-que-te-des-cuenta-by-dgcarlosleon-01-02-2018";472;2018-02-01 07:12:03;5.43;5.34
0.5;"SBD";"arunava";"arunava";"benefits-of-posting-on-steemit";"/steemit/@arunava/benefits-of-posting-on-steemit";787;2018-02-01 07:12:03;5.43;5.34
